address	name	file	status
180001000	FUN_180001000	function_180001000.c.txt	ok
180001050	FUN_180001050	function_180001050.c.txt	ok
1800010c0	FUN_1800010c0	function_1800010c0.c.txt	ok
1800011f0	FUN_1800011f0	function_1800011f0.c.txt	ok
180001420	FUN_180001420	function_180001420.c.txt	ok
180001670	FUN_180001670	function_180001670.c.txt	ok
1800016e0	FUN_1800016e0	function_1800016e0.c.txt	ok
180001710	FUN_180001710	function_180001710.c.txt	ok
180001780	FUN_180001780	function_180001780.c.txt	ok
1800017f0	FUN_1800017f0	function_1800017f0.c.txt	ok
180001920	FUN_180001920	function_180001920.c.txt	ok
1800019b0	FUN_1800019b0	function_1800019b0.c.txt	ok
180001a20	FUN_180001a20	function_180001a20.c.txt	ok
180001ad0	FUN_180001ad0	function_180001ad0.c.txt	ok
180001b30	FUN_180001b30	function_180001b30.c.txt	ok
180001b90	FUN_180001b90	function_180001b90.c.txt	ok
180001c10	FUN_180001c10	function_180001c10.c.txt	ok
180001ca0	FUN_180001ca0	function_180001ca0.c.txt	ok
180001d30	FUN_180001d30	function_180001d30.c.txt	ok
180001ea0	FUN_180001ea0	function_180001ea0.c.txt	ok
180002030	FUN_180002030	function_180002030.c.txt	ok
180002340	FUN_180002340	function_180002340.c.txt	ok
180002440	FUN_180002440	function_180002440.c.txt	ok
180002570	FUN_180002570	function_180002570.c.txt	ok
180002660	FUN_180002660	function_180002660.c.txt	ok
180002740	FUN_180002740	function_180002740.c.txt	ok
180002830	FUN_180002830	function_180002830.c.txt	ok
180002910	FUN_180002910	function_180002910.c.txt	ok
180002aa0	FUN_180002aa0	function_180002aa0.c.txt	ok
180002cc0	FUN_180002cc0	function_180002cc0.c.txt	ok
180002ff0	FUN_180002ff0	function_180002ff0.c.txt	ok
180003210	FUN_180003210	function_180003210.c.txt	ok
180003440	FUN_180003440	function_180003440.c.txt	ok
180003620	FUN_180003620	function_180003620.c.txt	ok
1800038d0	FUN_1800038d0	function_1800038d0.c.txt	ok
180003af0	FUN_180003af0	function_180003af0.c.txt	ok
180003d40	FUN_180003d40	function_180003d40.c.txt	ok
180003f90	FUN_180003f90	function_180003f90.c.txt	ok
180004020	FUN_180004020	function_180004020.c.txt	ok
1800040e0	FUN_1800040e0	function_1800040e0.c.txt	ok
180004170	FUN_180004170	function_180004170.c.txt	ok
1800041f0	FUN_1800041f0	function_1800041f0.c.txt	ok
180004270	FUN_180004270	function_180004270.c.txt	ok
180004340	FUN_180004340	function_180004340.c.txt	ok
1800044e0	FUN_1800044e0	function_1800044e0.c.txt	ok
1800046a0	FUN_1800046a0	function_1800046a0.c.txt	ok
180004910	FUN_180004910	function_180004910.c.txt	ok
180004c50	FUN_180004c50	function_180004c50.c.txt	ok
180005090	FUN_180005090	function_180005090.c.txt	ok
1800051d0	FUN_1800051d0	function_1800051d0.c.txt	ok
180005ed0	FUN_180005ed0	function_180005ed0.c.txt	ok
180006110	FUN_180006110	function_180006110.c.txt	ok
1800062a0	FUN_1800062a0	function_1800062a0.c.txt	ok
180006460	FUN_180006460	function_180006460.c.txt	ok
180006620	FUN_180006620	function_180006620.c.txt	ok
1800067e0	FUN_1800067e0	function_1800067e0.c.txt	ok
180006970	FUN_180006970	function_180006970.c.txt	ok
180006ae0	FUN_180006ae0	function_180006ae0.c.txt	ok
180006c80	FUN_180006c80	function_180006c80.c.txt	ok
180006e50	FUN_180006e50	function_180006e50.c.txt	ok
180007030	FUN_180007030	function_180007030.c.txt	ok
1800073c0	FUN_1800073c0	function_1800073c0.c.txt	ok
180007420	FUN_180007420	function_180007420.c.txt	ok
1800074b0	FUN_1800074b0	function_1800074b0.c.txt	ok
180007520	FUN_180007520	function_180007520.c.txt	ok
1800075b0	FUN_1800075b0	function_1800075b0.c.txt	ok
1800075f0	FUN_1800075f0	function_1800075f0.c.txt	ok
1800077a0	FUN_1800077a0	function_1800077a0.c.txt	ok
180007940	FUN_180007940	function_180007940.c.txt	ok
180007ae0	FUN_180007ae0	function_180007ae0.c.txt	ok
180007c00	FUN_180007c00	function_180007c00.c.txt	ok
180007d10	FUN_180007d10	function_180007d10.c.txt	ok
180007d60	FUN_180007d60	function_180007d60.c.txt	ok
180007f50	FUN_180007f50	function_180007f50.c.txt	ok
180008070	FUN_180008070	function_180008070.c.txt	ok
180008090	FUN_180008090	function_180008090.c.txt	ok
1800081a0	FUN_1800081a0	function_1800081a0.c.txt	ok
1800082d0	FUN_1800082d0	function_1800082d0.c.txt	ok
1800083b0	FUN_1800083b0	function_1800083b0.c.txt	ok
180008490	FUN_180008490	function_180008490.c.txt	ok
1800085a0	FUN_1800085a0	function_1800085a0.c.txt	ok
180008830	FUN_180008830	function_180008830.c.txt	ok
180008b80	FUN_180008b80	function_180008b80.c.txt	ok
180008c80	FUN_180008c80	function_180008c80.c.txt	ok
180008cd0	FUN_180008cd0	function_180008cd0.c.txt	ok
180008d10	FUN_180008d10	function_180008d10.c.txt	ok
180008d50	FUN_180008d50	function_180008d50.c.txt	ok
180008d80	FUN_180008d80	function_180008d80.c.txt	ok
180008dc0	FUN_180008dc0	function_180008dc0.c.txt	ok
180008df0	exception	function_180008df0.c.txt	ok
180008e30	FUN_180008e30	function_180008e30.c.txt	ok
180008e70	FUN_180008e70	function_180008e70.c.txt	ok
180008ed0	FUN_180008ed0	function_180008ed0.c.txt	ok
1800090d0	FUN_1800090d0	function_1800090d0.c.txt	ok
180009150	FUN_180009150	function_180009150.c.txt	ok
180009190	FUN_180009190	function_180009190.c.txt	ok
1800091d0	FUN_1800091d0	function_1800091d0.c.txt	ok
180009210	FUN_180009210	function_180009210.c.txt	ok
180009250	FUN_180009250	function_180009250.c.txt	ok
180009290	FUN_180009290	function_180009290.c.txt	ok
180009360	thunk_FUN_18000d070	function_180009360.c.txt	ok
180009370	thunk_FUN_18000d0e0	function_180009370.c.txt	ok
180009380	FUN_180009380	function_180009380.c.txt	ok
180009460	FUN_180009460	function_180009460.c.txt	ok
180009490	FUN_180009490	function_180009490.c.txt	ok
1800094e0	FUN_1800094e0	function_1800094e0.c.txt	ok
180009550	FUN_180009550	function_180009550.c.txt	ok
180009560	FUN_180009560	function_180009560.c.txt	ok
1800095d0	FUN_1800095d0	function_1800095d0.c.txt	ok
180009640	FUN_180009640	function_180009640.c.txt	ok
180009700	FUN_180009700	function_180009700.c.txt	ok
1800097b0	FUN_1800097b0	function_1800097b0.c.txt	ok
180009850	thunk_FUN_18000cfe0	function_180009850.c.txt	ok
180009860	FUN_180009860	function_180009860.c.txt	ok
1800098c0	FUN_1800098c0	function_1800098c0.c.txt	ok
180009950	FUN_180009950	function_180009950.c.txt	ok
180009ae0	FUN_180009ae0	function_180009ae0.c.txt	ok
180009b10	FUN_180009b10	function_180009b10.c.txt	ok
180009b40	FUN_180009b40	function_180009b40.c.txt	ok
180009bf0	FUN_180009bf0	function_180009bf0.c.txt	ok
180009c80	FUN_180009c80	function_180009c80.c.txt	ok
180009d10	FUN_180009d10	function_180009d10.c.txt	ok
180009d80	FUN_180009d80	function_180009d80.c.txt	ok
180009db0	FUN_180009db0	function_180009db0.c.txt	ok
180009e00	FUN_180009e00	function_180009e00.c.txt	ok
180009ea0	FUN_180009ea0	function_180009ea0.c.txt	ok
180009f40	FUN_180009f40	function_180009f40.c.txt	ok
18000a010	FUN_18000a010	function_18000a010.c.txt	ok
18000a0a0	FUN_18000a0a0	function_18000a0a0.c.txt	ok
18000a0f0	FUN_18000a0f0	function_18000a0f0.c.txt	ok
18000a260	FUN_18000a260	function_18000a260.c.txt	ok
18000a520	FUN_18000a520	function_18000a520.c.txt	ok
18000a750	FUN_18000a750	function_18000a750.c.txt	ok
18000a870	FUN_18000a870	function_18000a870.c.txt	ok
18000aa10	FUN_18000aa10	function_18000aa10.c.txt	ok
18000aa80	FUN_18000aa80	function_18000aa80.c.txt	ok
18000aab0	FUN_18000aab0	function_18000aab0.c.txt	ok
18000abf0	FUN_18000abf0	function_18000abf0.c.txt	ok
18000ac50	FUN_18000ac50	function_18000ac50.c.txt	ok
18000acb0	FUN_18000acb0	function_18000acb0.c.txt	ok
18000ad04	FUN_18000ad04	function_18000ad04.c.txt	ok
18000ad10	FUN_18000ad10	function_18000ad10.c.txt	ok
18000ad1c	FUN_18000ad1c	function_18000ad1c.c.txt	ok
18000ad30	FUN_18000ad30	function_18000ad30.c.txt	ok
18000ad60	FUN_18000ad60	function_18000ad60.c.txt	ok
18000ad90	FUN_18000ad90	function_18000ad90.c.txt	ok
18000adc0	FUN_18000adc0	function_18000adc0.c.txt	ok
18000adf0	FUN_18000adf0	function_18000adf0.c.txt	ok
18000ae30	FUN_18000ae30	function_18000ae30.c.txt	ok
18000aed0	FUN_18000aed0	function_18000aed0.c.txt	ok
18000af70	FUN_18000af70	function_18000af70.c.txt	ok
18000b010	FUN_18000b010	function_18000b010.c.txt	ok
18000b050	FUN_18000b050	function_18000b050.c.txt	ok
18000b090	FUN_18000b090	function_18000b090.c.txt	ok
18000b0c0	FUN_18000b0c0	function_18000b0c0.c.txt	ok
18000b110	FUN_18000b110	function_18000b110.c.txt	ok
18000b160	FUN_18000b160	function_18000b160.c.txt	ok
18000b240	FUN_18000b240	function_18000b240.c.txt	ok
18000b510	FUN_18000b510	function_18000b510.c.txt	ok
18000b590	FUN_18000b590	function_18000b590.c.txt	ok
18000b620	FUN_18000b620	function_18000b620.c.txt	ok
18000b690	FUN_18000b690	function_18000b690.c.txt	ok
18000b710	FUN_18000b710	function_18000b710.c.txt	ok
18000b7f0	FUN_18000b7f0	function_18000b7f0.c.txt	ok
18000b8b0	FUN_18000b8b0	function_18000b8b0.c.txt	ok
18000b930	FUN_18000b930	function_18000b930.c.txt	ok
18000b9f0	FUN_18000b9f0	function_18000b9f0.c.txt	ok
18000bae0	FUN_18000bae0	function_18000bae0.c.txt	ok
18000bb20	FUN_18000bb20	function_18000bb20.c.txt	ok
18000bb70	FUN_18000bb70	function_18000bb70.c.txt	ok
18000bbc0	FUN_18000bbc0	function_18000bbc0.c.txt	ok
18000bbe0	FUN_18000bbe0	function_18000bbe0.c.txt	ok
18000bc00	FUN_18000bc00	function_18000bc00.c.txt	ok
18000bc30	FUN_18000bc30	function_18000bc30.c.txt	ok
18000bc40	_guard_check_icall	function_18000bc40.c.txt	ok
18000bc50	FUN_18000bc50	function_18000bc50.c.txt	ok
18000bd40	FUN_18000bd40	function_18000bd40.c.txt	ok
18000c0d0	FUN_18000c0d0	function_18000c0d0.c.txt	ok
18000c120	FUN_18000c120	function_18000c120.c.txt	ok
18000c190	FUN_18000c190	function_18000c190.c.txt	ok
18000c290	FUN_18000c290	function_18000c290.c.txt	ok
18000c3e0	FUN_18000c3e0	function_18000c3e0.c.txt	ok
18000c4d0	FUN_18000c4d0	function_18000c4d0.c.txt	ok
18000c500	FUN_18000c500	function_18000c500.c.txt	ok
18000c510	FUN_18000c510	function_18000c510.c.txt	ok
18000c780	FUN_18000c780	function_18000c780.c.txt	ok
18000c7a0	FUN_18000c7a0	function_18000c7a0.c.txt	ok
18000c800	FUN_18000c800	function_18000c800.c.txt	ok
18000c820	FUN_18000c820	function_18000c820.c.txt	ok
18000c9c0	FUN_18000c9c0	function_18000c9c0.c.txt	ok
18000ca50	FUN_18000ca50	function_18000ca50.c.txt	ok
18000cc00	FUN_18000cc00	function_18000cc00.c.txt	ok
18000ccd0	FUN_18000ccd0	function_18000ccd0.c.txt	ok
18000cd10	FUN_18000cd10	function_18000cd10.c.txt	ok
18000cd70	FUN_18000cd70	function_18000cd70.c.txt	ok
18000cdd0	FUN_18000cdd0	function_18000cdd0.c.txt	ok
18000cdf0	FUN_18000cdf0	function_18000cdf0.c.txt	ok
18000ce10	FUN_18000ce10	function_18000ce10.c.txt	ok
18000ce50	FUN_18000ce50	function_18000ce50.c.txt	ok
18000ce90	FUN_18000ce90	function_18000ce90.c.txt	ok
18000ceb0	FUN_18000ceb0	function_18000ceb0.c.txt	ok
18000cf20	FUN_18000cf20	function_18000cf20.c.txt	ok
18000cfe0	FUN_18000cfe0	function_18000cfe0.c.txt	ok
18000d070	FUN_18000d070	function_18000d070.c.txt	ok
18000d0e0	FUN_18000d0e0	function_18000d0e0.c.txt	ok
18000d150	FUN_18000d150	function_18000d150.c.txt	ok
18000d170	FUN_18000d170	function_18000d170.c.txt	ok
18000d190	FUN_18000d190	function_18000d190.c.txt	ok
18000d1b0	FUN_18000d1b0	function_18000d1b0.c.txt	ok
18000d1d0	FUN_18000d1d0	function_18000d1d0.c.txt	ok
18000d1f0	FUN_18000d1f0	function_18000d1f0.c.txt	ok
18000d260	FUN_18000d260	function_18000d260.c.txt	ok
18000d2d0	FUN_18000d2d0	function_18000d2d0.c.txt	ok
18000d390	FUN_18000d390	function_18000d390.c.txt	ok
18000d3c0	FUN_18000d3c0	function_18000d3c0.c.txt	ok
18000def0	FUN_18000def0	function_18000def0.c.txt	ok
18000e260	FUN_18000e260	function_18000e260.c.txt	ok
18000e820	FUN_18000e820	function_18000e820.c.txt	ok
18000e880	FUN_18000e880	function_18000e880.c.txt	ok
18000ea30	FUN_18000ea30	function_18000ea30.c.txt	ok
18000ed50	FUN_18000ed50	function_18000ed50.c.txt	ok
18000ed90	FUN_18000ed90	function_18000ed90.c.txt	ok
18000edd0	FUN_18000edd0	function_18000edd0.c.txt	ok
18000ee20	FUN_18000ee20	function_18000ee20.c.txt	ok
18000f070	FUN_18000f070	function_18000f070.c.txt	ok
18000f0f0	FUN_18000f0f0	function_18000f0f0.c.txt	ok
18000f100	FUN_18000f100	function_18000f100.c.txt	ok
180011150	FUN_180011150	function_180011150.c.txt	ok
180011190	FUN_180011190	function_180011190.c.txt	ok
180011270	FUN_180011270	function_180011270.c.txt	ok
180011290	FUN_180011290	function_180011290.c.txt	ok
1800112d0	FUN_1800112d0	function_1800112d0.c.txt	ok
180011310	FUN_180011310	function_180011310.c.txt	ok
1800113f0	FUN_1800113f0	function_1800113f0.c.txt	ok
180013c90	FUN_180013c90	function_180013c90.c.txt	ok
180013ce0	FUN_180013ce0	function_180013ce0.c.txt	ok
180013f50	FUN_180013f50	function_180013f50.c.txt	ok
1800141a0	FUN_1800141a0	function_1800141a0.c.txt	ok
180014260	FUN_180014260	function_180014260.c.txt	ok
180015270	FUN_180015270	function_180015270.c.txt	ok
180015680	FUN_180015680	function_180015680.c.txt	ok
180015c10	FUN_180015c10	function_180015c10.c.txt	ok
180015d00	FUN_180015d00	function_180015d00.c.txt	ok
1800165f0	FUN_1800165f0	function_1800165f0.c.txt	ok
180016840	FUN_180016840	function_180016840.c.txt	ok
180016aa0	FUN_180016aa0	function_180016aa0.c.txt	ok
180016af0	FUN_180016af0	function_180016af0.c.txt	ok
1800170a0	FUN_1800170a0	function_1800170a0.c.txt	ok
180017120	FUN_180017120	function_180017120.c.txt	ok
180017420	FUN_180017420	function_180017420.c.txt	ok
1800176b0	FUN_1800176b0	function_1800176b0.c.txt	ok
180017af0	FUN_180017af0	function_180017af0.c.txt	ok
180018220	FUN_180018220	function_180018220.c.txt	ok
180018260	FUN_180018260	function_180018260.c.txt	ok
1800183e0	FUN_1800183e0	function_1800183e0.c.txt	ok
180018640	FUN_180018640	function_180018640.c.txt	ok
180018660	FUN_180018660	function_180018660.c.txt	ok
180018ff0	FUN_180018ff0	function_180018ff0.c.txt	ok
180019050	FUN_180019050	function_180019050.c.txt	ok
180019110	FUN_180019110	function_180019110.c.txt	ok
1800193c0	FUN_1800193c0	function_1800193c0.c.txt	ok
1800193d0	FUN_1800193d0	function_1800193d0.c.txt	ok
1800193e0	FUN_1800193e0	function_1800193e0.c.txt	ok
180019490	FUN_180019490	function_180019490.c.txt	ok
1800195d0	FUN_1800195d0	function_1800195d0.c.txt	ok
18001aa70	FUN_18001aa70	function_18001aa70.c.txt	ok
18001ae20	FUN_18001ae20	function_18001ae20.c.txt	ok
18001afe0	FUN_18001afe0	function_18001afe0.c.txt	ok
18001b190	FUN_18001b190	function_18001b190.c.txt	ok
18001b280	FUN_18001b280	function_18001b280.c.txt	ok
18001b5f0	FUN_18001b5f0	function_18001b5f0.c.txt	ok
18001b640	FUN_18001b640	function_18001b640.c.txt	ok
18001b760	FUN_18001b760	function_18001b760.c.txt	ok
18001b7f0	FUN_18001b7f0	function_18001b7f0.c.txt	ok
18001b8a0	FUN_18001b8a0	function_18001b8a0.c.txt	ok
18001ba40	FUN_18001ba40	function_18001ba40.c.txt	ok
18001ba80	FUN_18001ba80	function_18001ba80.c.txt	ok
18001bbe0	FUN_18001bbe0	function_18001bbe0.c.txt	ok
18001bd50	FUN_18001bd50	function_18001bd50.c.txt	ok
18001bdd0	FUN_18001bdd0	function_18001bdd0.c.txt	ok
18001c0f0	FUN_18001c0f0	function_18001c0f0.c.txt	ok
18001cc70	FUN_18001cc70	function_18001cc70.c.txt	ok
18001d3f0	FUN_18001d3f0	function_18001d3f0.c.txt	ok
18001d580	FUN_18001d580	function_18001d580.c.txt	ok
18001d760	FUN_18001d760	function_18001d760.c.txt	ok
18001d970	FUN_18001d970	function_18001d970.c.txt	ok
18001da10	FUN_18001da10	function_18001da10.c.txt	ok
18001daa0	FUN_18001daa0	function_18001daa0.c.txt	ok
18001e720	FUN_18001e720	function_18001e720.c.txt	ok
18001e7d0	FUN_18001e7d0	function_18001e7d0.c.txt	ok
18001e9f0	FUN_18001e9f0	function_18001e9f0.c.txt	ok
18001f090	FUN_18001f090	function_18001f090.c.txt	ok
18001f250	FUN_18001f250	function_18001f250.c.txt	ok
18001f670	FUN_18001f670	function_18001f670.c.txt	ok
18001f740	FUN_18001f740	function_18001f740.c.txt	ok
18001f8f0	FUN_18001f8f0	function_18001f8f0.c.txt	ok
18001f9a0	FUN_18001f9a0	function_18001f9a0.c.txt	ok
18001faf0	FUN_18001faf0	function_18001faf0.c.txt	ok
18001fbd0	FUN_18001fbd0	function_18001fbd0.c.txt	ok
18001fdb0	FUN_18001fdb0	function_18001fdb0.c.txt	ok
180020170	FUN_180020170	function_180020170.c.txt	ok
180020260	FUN_180020260	function_180020260.c.txt	ok
1800202c0	FUN_1800202c0	function_1800202c0.c.txt	ok
180020310	FUN_180020310	function_180020310.c.txt	ok
180020450	FUN_180020450	function_180020450.c.txt	ok
180020500	FUN_180020500	function_180020500.c.txt	ok
180020570	FUN_180020570	function_180020570.c.txt	ok
1800205e0	FUN_1800205e0	function_1800205e0.c.txt	ok
1800209c0	FUN_1800209c0	function_1800209c0.c.txt	ok
180020a40	FUN_180020a40	function_180020a40.c.txt	ok
180020b10	FUN_180020b10	function_180020b10.c.txt	ok
180020bf0	FUN_180020bf0	function_180020bf0.c.txt	ok
180020c10	FUN_180020c10	function_180020c10.c.txt	ok
180020d40	FUN_180020d40	function_180020d40.c.txt	ok
180020e10	FUN_180020e10	function_180020e10.c.txt	ok
180020e40	wcdb_check_license	function_180020e40.c.txt	ok
180020e60	wcdb_close_account	function_180020e60.c.txt	ok
180021040	wcdb_close_message_cursor	function_180021040.c.txt	ok
180021270	wcdb_exec_query	function_180021270.c.txt	ok
180021fa0	wcdb_export_message_chunk	function_180021fa0.c.txt	ok
180022060	wcdb_fetch_message_batch	function_180022060.c.txt	ok
180024480	wcdb_free_string	function_180024480.c.txt	ok
180024490	wcdb_get_logs	function_180024490.c.txt	ok
1800247e0	wcdb_get_sns_timeline	function_1800247e0.c.txt	ok
180024e00	wcdb_init	function_180024e00.c.txt	ok
180024fa0	wcdb_open_account	function_180024fa0.c.txt	ok
180026440	wcdb_open_message_cursor	function_180026440.c.txt	ok
1800264b0	wcdb_set_app_version	function_1800264b0.c.txt	ok
1800264d0	wcdb_set_client_info	function_1800264d0.c.txt	ok
1800264f0	wcdb_set_my_wxid	function_1800264f0.c.txt	ok
1800265f0	wcdb_set_trusted_time	function_1800265f0.c.txt	ok
180026610	wcdb_shutdown	function_180026610.c.txt	ok
180026860	FUN_180026860	function_180026860.c.txt	ok
1800268b0	FUN_1800268b0	function_1800268b0.c.txt	ok
180026900	FUN_180026900	function_180026900.c.txt	ok
180026920	FUN_180026920	function_180026920.c.txt	ok
180026a60	FUN_180026a60	function_180026a60.c.txt	ok
180026b30	FUN_180026b30	function_180026b30.c.txt	ok
180026b90	FUN_180026b90	function_180026b90.c.txt	ok
180026c00	FUN_180026c00	function_180026c00.c.txt	ok
180026ce0	FUN_180026ce0	function_180026ce0.c.txt	ok
180026f50	FUN_180026f50	function_180026f50.c.txt	ok
180026fc0	FUN_180026fc0	function_180026fc0.c.txt	ok
180027090	FUN_180027090	function_180027090.c.txt	ok
180027330	FUN_180027330	function_180027330.c.txt	ok
180027800	FUN_180027800	function_180027800.c.txt	ok
180027980	FUN_180027980	function_180027980.c.txt	ok
180027bc0	FUN_180027bc0	function_180027bc0.c.txt	ok
180027e60	FUN_180027e60	function_180027e60.c.txt	ok
180028040	FUN_180028040	function_180028040.c.txt	ok
1800284e0	FUN_1800284e0	function_1800284e0.c.txt	ok
180028810	FUN_180028810	function_180028810.c.txt	ok
180028880	FUN_180028880	function_180028880.c.txt	ok
1800288f0	FUN_1800288f0	function_1800288f0.c.txt	ok
180028960	FUN_180028960	function_180028960.c.txt	ok
1800289c0	FUN_1800289c0	function_1800289c0.c.txt	ok
180028b60	FUN_180028b60	function_180028b60.c.txt	ok
180028bd0	FUN_180028bd0	function_180028bd0.c.txt	ok
180028c50	FUN_180028c50	function_180028c50.c.txt	ok
180028cc0	FUN_180028cc0	function_180028cc0.c.txt	ok
180028d00	FUN_180028d00	function_180028d00.c.txt	ok
180028d70	FUN_180028d70	function_180028d70.c.txt	ok
1800290b0	FUN_1800290b0	function_1800290b0.c.txt	ok
1800291f0	FUN_1800291f0	function_1800291f0.c.txt	ok
180029350	FUN_180029350	function_180029350.c.txt	ok
180029390	FUN_180029390	function_180029390.c.txt	ok
1800293e0	FUN_1800293e0	function_1800293e0.c.txt	ok
180029430	FUN_180029430	function_180029430.c.txt	ok
1800294b0	FUN_1800294b0	function_1800294b0.c.txt	ok
180029670	FUN_180029670	function_180029670.c.txt	ok
1800296c0	FUN_1800296c0	function_1800296c0.c.txt	ok
180029760	FUN_180029760	function_180029760.c.txt	ok
1800297a0	FUN_1800297a0	function_1800297a0.c.txt	ok
1800297e0	FUN_1800297e0	function_1800297e0.c.txt	ok
180029820	FUN_180029820	function_180029820.c.txt	ok
180029830	FUN_180029830	function_180029830.c.txt	ok
180029870	FUN_180029870	function_180029870.c.txt	ok
1800298a0	FUN_1800298a0	function_1800298a0.c.txt	ok
1800298c0	FUN_1800298c0	function_1800298c0.c.txt	ok
180029950	FUN_180029950	function_180029950.c.txt	ok
180029a00	FUN_180029a00	function_180029a00.c.txt	ok
180029c00	FUN_180029c00	function_180029c00.c.txt	ok
180029c20	FUN_180029c20	function_180029c20.c.txt	ok
180029d10	FUN_180029d10	function_180029d10.c.txt	ok
180029de0	FUN_180029de0	function_180029de0.c.txt	ok
18002a290	FUN_18002a290	function_18002a290.c.txt	ok
18002a2d0	FUN_18002a2d0	function_18002a2d0.c.txt	ok
18002a360	FUN_18002a360	function_18002a360.c.txt	ok
18002a3d0	FUN_18002a3d0	function_18002a3d0.c.txt	ok
18002a7e0	FUN_18002a7e0	function_18002a7e0.c.txt	ok
18002abd0	FUN_18002abd0	function_18002abd0.c.txt	ok
18002af60	FUN_18002af60	function_18002af60.c.txt	ok
18002b940	FUN_18002b940	function_18002b940.c.txt	ok
18002bcc0	FUN_18002bcc0	function_18002bcc0.c.txt	ok
18002bd40	FUN_18002bd40	function_18002bd40.c.txt	ok
18002d4f0	FUN_18002d4f0	function_18002d4f0.c.txt	ok
18002d550	FUN_18002d550	function_18002d550.c.txt	ok
18002d8f0	FUN_18002d8f0	function_18002d8f0.c.txt	ok
18002dd70	FUN_18002dd70	function_18002dd70.c.txt	ok
18002df10	FUN_18002df10	function_18002df10.c.txt	ok
18002e0c0	FUN_18002e0c0	function_18002e0c0.c.txt	ok
18002e260	FUN_18002e260	function_18002e260.c.txt	ok
18002e2f0	FUN_18002e2f0	function_18002e2f0.c.txt	ok
18002e470	FUN_18002e470	function_18002e470.c.txt	ok
18002e550	FUN_18002e550	function_18002e550.c.txt	ok
18002e6c0	FUN_18002e6c0	function_18002e6c0.c.txt	ok
18002e810	FUN_18002e810	function_18002e810.c.txt	ok
18002eb50	FUN_18002eb50	function_18002eb50.c.txt	ok
18002ec50	FUN_18002ec50	function_18002ec50.c.txt	ok
18002eca0	FUN_18002eca0	function_18002eca0.c.txt	ok
18002ecc0	FUN_18002ecc0	function_18002ecc0.c.txt	ok
18002ed10	FUN_18002ed10	function_18002ed10.c.txt	ok
18002f4d0	FUN_18002f4d0	function_18002f4d0.c.txt	ok
18002f500	FUN_18002f500	function_18002f500.c.txt	ok
18002f580	FUN_18002f580	function_18002f580.c.txt	ok
18002f970	FUN_18002f970	function_18002f970.c.txt	ok
18002fe30	FUN_18002fe30	function_18002fe30.c.txt	ok
18002fea0	FUN_18002fea0	function_18002fea0.c.txt	ok
18002ff10	FUN_18002ff10	function_18002ff10.c.txt	ok
1800314b0	FUN_1800314b0	function_1800314b0.c.txt	ok
180031cc0	FUN_180031cc0	function_180031cc0.c.txt	ok
180031cd0	FUN_180031cd0	function_180031cd0.c.txt	ok
180031e80	FUN_180031e80	function_180031e80.c.txt	ok
180031eb0	FUN_180031eb0	function_180031eb0.c.txt	ok
180032a60	FUN_180032a60	function_180032a60.c.txt	ok
180032cb0	FUN_180032cb0	function_180032cb0.c.txt	ok
180032cf0	FUN_180032cf0	function_180032cf0.c.txt	ok
180033130	FUN_180033130	function_180033130.c.txt	ok
180033640	FUN_180033640	function_180033640.c.txt	ok
1800338d0	FUN_1800338d0	function_1800338d0.c.txt	ok
180033ff0	FUN_180033ff0	function_180033ff0.c.txt	ok
180034360	FUN_180034360	function_180034360.c.txt	ok
1800345a0	FUN_1800345a0	function_1800345a0.c.txt	ok
1800345f0	FUN_1800345f0	function_1800345f0.c.txt	ok
1800347f0	FUN_1800347f0	function_1800347f0.c.txt	ok
180034830	FUN_180034830	function_180034830.c.txt	ok
180034b60	FUN_180034b60	function_180034b60.c.txt	ok
180034b90	FUN_180034b90	function_180034b90.c.txt	ok
180034c40	FUN_180034c40	function_180034c40.c.txt	ok
180034e60	FUN_180034e60	function_180034e60.c.txt	ok
180034fe9	~UnsafeData	function_180034fe9.c.txt	ok
180034fef	immutable	function_180034fef.c.txt	ok
180034ff5	size	function_180034ff5.c.txt	ok
180034ffb	buffer	function_180034ffb.c.txt	ok
180035001	UnsafeStringView	function_180035001.c.txt	ok
180035007	UnsafeStringView	function_180035007.c.txt	ok
18003500d	~UnsafeStringView	function_18003500d.c.txt	ok
180035013	data	function_180035013.c.txt	ok
180035019	length	function_180035019.c.txt	ok
18003501f	CipherConfig	function_18003501f.c.txt	ok
180035025	~CipherConfig	function_180035025.c.txt	ok
18003502b	shared	function_18003502b.c.txt	ok
180035031	decompressContent	function_180035031.c.txt	ok
180035037	~RecyclableHandle	function_180035037.c.txt	ok
18003503d	get	function_18003503d.c.txt	ok
180035043	prepare	function_180035043.c.txt	ok
180035049	step	function_180035049.c.txt	ok
18003504f	done	function_18003504f.c.txt	ok
180035055	getInteger	function_180035055.c.txt	ok
18003505b	getDouble	function_18003505b.c.txt	ok
180035061	getText	function_180035061.c.txt	ok
180035067	getBLOB	function_180035067.c.txt	ok
18003506d	getColumnName	function_18003506d.c.txt	ok
180035073	getColumnType	function_180035073.c.txt	ok
180035079	getNumberOfColumns	function_180035079.c.txt	ok
18003507f	InnerDatabase	function_18003507f.c.txt	ok
180035085	canOpen	function_180035085.c.txt	ok
18003508b	setReadOnly	function_18003508b.c.txt	ok
180035091	getHandle	function_180035091.c.txt	ok
180035097	setConfig	function_180035097.c.txt	ok
18003509d	BCryptOpenAlgorithmProvider	function_18003509d.c.txt	ok
1800350a3	BCryptGetProperty	function_1800350a3.c.txt	ok
1800350a9	BCryptCloseAlgorithmProvider	function_1800350a9.c.txt	ok
1800350af	BCryptImportKeyPair	function_1800350af.c.txt	ok
1800350b5	BCryptDestroyKey	function_1800350b5.c.txt	ok
1800350bb	BCryptVerifySignature	function_1800350bb.c.txt	ok
1800350c1	BCryptCreateHash	function_1800350c1.c.txt	ok
1800350c7	BCryptHashData	function_1800350c7.c.txt	ok
1800350cd	BCryptFinishHash	function_1800350cd.c.txt	ok
1800350d3	BCryptDestroyHash	function_1800350d3.c.txt	ok
1800350d9	BCryptGenRandom	function_1800350d9.c.txt	ok
1800350f0	FUN_1800350f0	function_1800350f0.c.txt	ok
180035260	FUN_180035260	function_180035260.c.txt	ok
180035600	FUN_180035600	function_180035600.c.txt	ok
1800359c0	FUN_1800359c0	function_1800359c0.c.txt	ok
180035ac0	FUN_180035ac0	function_180035ac0.c.txt	ok
180035bc0	FUN_180035bc0	function_180035bc0.c.txt	ok
180035ce0	FUN_180035ce0	function_180035ce0.c.txt	ok
180035f10	FUN_180035f10	function_180035f10.c.txt	ok
180036130	FUN_180036130	function_180036130.c.txt	ok
180036230	FUN_180036230	function_180036230.c.txt	ok
1800362c0	FUN_1800362c0	function_1800362c0.c.txt	ok
180036350	thunk_FUN_180035600	function_180036350.c.txt	ok
180036360	thunk_FUN_1800350f0	function_180036360.c.txt	ok
180036370	thunk_FUN_1800359c0	function_180036370.c.txt	ok
180036380	thunk_FUN_180035ac0	function_180036380.c.txt	ok
180036390	thunk_FUN_180036130	function_180036390.c.txt	ok
180036395	_Xbad_alloc	function_180036395.c.txt	ok
18003639b	_Xlength_error	function_18003639b.c.txt	ok
1800363a1	_Xout_of_range	function_1800363a1.c.txt	ok
1800363a7	uncaught_exception	function_1800363a7.c.txt	ok
1800363ad	_Query_perf_counter	function_1800363ad.c.txt	ok
1800363b3	_Query_perf_frequency	function_1800363b3.c.txt	ok
1800363b9	_Mtx_lock	function_1800363b9.c.txt	ok
1800363bf	_Mtx_unlock	function_1800363bf.c.txt	ok
1800363c5	_Throw_Cpp_error	function_1800363c5.c.txt	ok
1800363d0	FUN_1800363d0	function_1800363d0.c.txt	ok
1800364b0	LocalFree	function_1800364b0.c.txt	ok
1800364b7	_Syserror_map	function_1800364b7.c.txt	ok
1800364bd	_Winerror_map	function_1800364bd.c.txt	ok
1800364d0	FUN_1800364d0	function_1800364d0.c.txt	ok
18003650d	_Getgloballocale	function_18003650d.c.txt	ok
180036513	xsgetn	function_180036513.c.txt	ok
180036519	xsputn	function_180036519.c.txt	ok
180036520	FUN_180036520	function_180036520.c.txt	ok
1800365c0	FUN_1800365c0	function_1800365c0.c.txt	ok
180036640	FUN_180036640	function_180036640.c.txt	ok
180036670	FUN_180036670	function_180036670.c.txt	ok
1800366c0	FUN_1800366c0	function_1800366c0.c.txt	ok
1800367e0	FUN_1800367e0	function_1800367e0.c.txt	ok
180036860	FUN_180036860	function_180036860.c.txt	ok
180036880	FUN_180036880	function_180036880.c.txt	ok
1800368a0	FUN_1800368a0	function_1800368a0.c.txt	ok
180036930	FUN_180036930	function_180036930.c.txt	ok
180036b80	FUN_180036b80	function_180036b80.c.txt	ok
180036eb0	FUN_180036eb0	function_180036eb0.c.txt	ok
180036f30	FUN_180036f30	function_180036f30.c.txt	ok
180037260	FUN_180037260	function_180037260.c.txt	ok
180037286	setprecision	function_180037286.c.txt	ok
18003728c	_Fiopen	function_18003728c.c.txt	ok
180037292	imbue	function_180037292.c.txt	ok
180037298	sync	function_180037298.c.txt	ok
18003729e	setbuf	function_18003729e.c.txt	ok
1800372a4	uflow	function_1800372a4.c.txt	ok
1800372aa	showmanyc	function_1800372aa.c.txt	ok
1800372b0	_Unlock	function_1800372b0.c.txt	ok
1800372b6	_Lock	function_1800372b6.c.txt	ok
1800372c0	Sleep	function_1800372c0.c.txt	ok
1800372d0	FUN_1800372d0	function_1800372d0.c.txt	ok
180037350	FUN_180037350	function_180037350.c.txt	ok
1800373b0	FUN_1800373b0	function_1800373b0.c.txt	ok
180037400	free	function_180037400.c.txt	ok
180037410	FUN_180037410	function_180037410.c.txt	ok
180037460	FUN_180037460	function_180037460.c.txt	ok
1800374a0	FUN_1800374a0	function_1800374a0.c.txt	ok
180037520	FUN_180037520	function_180037520.c.txt	ok
180037550	FUN_180037550	function_180037550.c.txt	ok
180037570	FUN_180037570	function_180037570.c.txt	ok
1800375c0	FUN_1800375c0	function_1800375c0.c.txt	ok
180037600	FUN_180037600	function_180037600.c.txt	ok
180037620	FUN_180037620	function_180037620.c.txt	ok
180037660	FUN_180037660	function_180037660.c.txt	ok
180037700	FUN_180037700	function_180037700.c.txt	ok
180037730	FUN_180037730	function_180037730.c.txt	ok
180037760	FUN_180037760	function_180037760.c.txt	ok
1800377a0	FUN_1800377a0	function_1800377a0.c.txt	ok
1800377b0	FUN_1800377b0	function_1800377b0.c.txt	ok
1800377d0	FUN_1800377d0	function_1800377d0.c.txt	ok
1800379b0	FUN_1800379b0	function_1800379b0.c.txt	ok
180037a30	__security_check_cookie	function_180037a30.c.txt	ok
180037a50	FUN_180037a50	function_180037a50.c.txt	ok
180037a80	FUN_180037a80	function_180037a80.c.txt	ok
180037ae0	FUN_180037ae0	function_180037ae0.c.txt	ok
180037bf0	FUN_180037bf0	function_180037bf0.c.txt	ok
180037c90	FUN_180037c90	function_180037c90.c.txt	ok
180037dd0	entry	function_180037dd0.c.txt	ok
180037e10	FUN_180037e10	function_180037e10.c.txt	ok
1800380c0	FUN_1800380c0	function_1800380c0.c.txt	ok
1800380f0	FUN_1800380f0	function_1800380f0.c.txt	ok
180038110	free	function_180038110.c.txt	ok
180038120	FUN_180038120	function_180038120.c.txt	ok
180038130	FUN_180038130	function_180038130.c.txt	ok
180038140	FUN_180038140	function_180038140.c.txt	ok
180038150	FUN_180038150	function_180038150.c.txt	ok
180038210	FUN_180038210	function_180038210.c.txt	ok
180038240	FUN_180038240	function_180038240.c.txt	ok
180038250	FUN_180038250	function_180038250.c.txt	ok
180038260	FUN_180038260	function_180038260.c.txt	ok
180038270	FUN_180038270	function_180038270.c.txt	ok
180038290	FUN_180038290	function_180038290.c.txt	ok
1800382a0	FUN_1800382a0	function_1800382a0.c.txt	ok
1800382f0	FUN_1800382f0	function_1800382f0.c.txt	ok
180038346	__std_exception_copy	function_180038346.c.txt	ok
18003834c	__std_exception_destroy	function_18003834c.c.txt	ok
180038352	__std_type_info_compare	function_180038352.c.txt	ok
180038358	_CxxThrowException	function_180038358.c.txt	ok
18003835e	__CxxFrameHandler4	function_18003835e.c.txt	ok
180038364	memcmp	function_180038364.c.txt	ok
18003836a	memcpy	function_18003836a.c.txt	ok
180038370	memmove	function_180038370.c.txt	ok
180038376	memset	function_180038376.c.txt	ok
18003837c	__current_exception	function_18003837c.c.txt	ok
180038382	__current_exception_context	function_180038382.c.txt	ok
18003838e	__std_type_info_destroy_list	function_18003838e.c.txt	ok
180038394	free	function_180038394.c.txt	ok
18003839a	malloc	function_18003839a.c.txt	ok
1800383a0	strlen	function_1800383a0.c.txt	ok
1800383a6	wcslen	function_1800383a6.c.txt	ok
1800383ac	strncmp	function_1800383ac.c.txt	ok
1800383b2	terminate	function_1800383b2.c.txt	ok
1800383b8	_callnewh	function_1800383b8.c.txt	ok
1800383be	_seh_filter_dll	function_1800383be.c.txt	ok
1800383c4	_configure_narrow_argv	function_1800383c4.c.txt	ok
1800383ca	_initialize_narrow_environment	function_1800383ca.c.txt	ok
1800383d0	_initialize_onexit_table	function_1800383d0.c.txt	ok
1800383d6	_register_onexit_function	function_1800383d6.c.txt	ok
1800383dc	_execute_onexit_table	function_1800383dc.c.txt	ok
1800383e2	_crt_atexit	function_1800383e2.c.txt	ok
1800383e8	_cexit	function_1800383e8.c.txt	ok
1800383ee	_initterm	function_1800383ee.c.txt	ok
1800383f4	_initterm_e	function_1800383f4.c.txt	ok
180038400	FUN_180038400	function_180038400.c.txt	ok
180038420	_guard_dispatch_icall	function_180038420.c.txt	ok
180038440	_guard_dispatch_icall	function_180038440.c.txt	ok
180038470	FUN_180038470	function_180038470.c.txt	ok
1800384b0	FUN_1800384b0	function_1800384b0.c.txt	ok
180038520	FUN_180038520	function_180038520.c.txt	ok
180038620	FUN_180038620	function_180038620.c.txt	ok
180038640	FUN_180038640	function_180038640.c.txt	ok
180038660	FUN_180038660	function_180038660.c.txt	ok
1800388b0	FUN_1800388b0	function_1800388b0.c.txt	ok
1800388e0	FUN_1800388e0	function_1800388e0.c.txt	ok
180038930	FUN_180038930	function_180038930.c.txt	ok
1800389f0	FUN_1800389f0	function_1800389f0.c.txt	ok
180038a40	FUN_180038a40	function_180038a40.c.txt	ok
180038aa0	FUN_180038aa0	function_180038aa0.c.txt	ok
180038b30	FUN_180038b30	function_180038b30.c.txt	ok
180038d70	FUN_180038d70	function_180038d70.c.txt	ok
180038ed0	FUN_180038ed0	function_180038ed0.c.txt	ok
180038f00	FUN_180038f00	function_180038f00.c.txt	ok
180038f30	FUN_180038f30	function_180038f30.c.txt	ok
180038f60	FUN_180038f60	function_180038f60.c.txt	ok
180038f90	FUN_180038f90	function_180038f90.c.txt	ok
180038fc0	FUN_180038fc0	function_180038fc0.c.txt	ok
180039080	FUN_180039080	function_180039080.c.txt	ok
180039100	FUN_180039100	function_180039100.c.txt	ok
1800391f0	FUN_1800391f0	function_1800391f0.c.txt	ok
180039220	FUN_180039220	function_180039220.c.txt	ok
180039250	FUN_180039250	function_180039250.c.txt	ok
180039280	FUN_180039280	function_180039280.c.txt	ok
1800392b0	FUN_1800392b0	function_1800392b0.c.txt	ok
1800392e0	FUN_1800392e0	function_1800392e0.c.txt	ok
180039360	FUN_180039360	function_180039360.c.txt	ok
180039450	FUN_180039450	function_180039450.c.txt	ok
180039480	FUN_180039480	function_180039480.c.txt	ok
180039550	FUN_180039550	function_180039550.c.txt	ok
180039580	FUN_180039580	function_180039580.c.txt	ok
1800395c0	FUN_1800395c0	function_1800395c0.c.txt	ok
180039610	FUN_180039610	function_180039610.c.txt	ok
180039630	FUN_180039630	function_180039630.c.txt	ok
180039660	FUN_180039660	function_180039660.c.txt	ok
1800396c0	FUN_1800396c0	function_1800396c0.c.txt	ok
1800396e0	FUN_1800396e0	function_1800396e0.c.txt	ok
180039820	FUN_180039820	function_180039820.c.txt	ok
1800398e0	FUN_1800398e0	function_1800398e0.c.txt	ok
180039910	FUN_180039910	function_180039910.c.txt	ok
1800399a0	FUN_1800399a0	function_1800399a0.c.txt	ok
180039a00	__l1::dtor$3	function_180039a00.c.txt	ok
180039a50	FUN_180039a50	function_180039a50.c.txt	ok
180039a90	FUN_180039a90	function_180039a90.c.txt	ok
180039ad0	FUN_180039ad0	function_180039ad0.c.txt	ok
180039b10	FUN_180039b10	function_180039b10.c.txt	ok
180039b70	FUN_180039b70	function_180039b70.c.txt	ok
180039ba0	FUN_180039ba0	function_180039ba0.c.txt	ok
180039bd0	FUN_180039bd0	function_180039bd0.c.txt	ok
180039c00	FUN_180039c00	function_180039c00.c.txt	ok
180039c30	FUN_180039c30	function_180039c30.c.txt	ok
180039c60	FUN_180039c60	function_180039c60.c.txt	ok
180039c90	FUN_180039c90	function_180039c90.c.txt	ok
180039cc0	FUN_180039cc0	function_180039cc0.c.txt	ok
180039d20	FUN_180039d20	function_180039d20.c.txt	ok
180039d90	FUN_180039d90	function_180039d90.c.txt	ok
180039dc0	FUN_180039dc0	function_180039dc0.c.txt	ok
180039e10	FUN_180039e10	function_180039e10.c.txt	ok
180039f80	FUN_180039f80	function_180039f80.c.txt	ok
180039fe0	FUN_180039fe0	function_180039fe0.c.txt	ok
18003a010	FUN_18003a010	function_18003a010.c.txt	ok
18003a040	FUN_18003a040	function_18003a040.c.txt	ok
18003a080	FUN_18003a080	function_18003a080.c.txt	ok
18003a0c0	FUN_18003a0c0	function_18003a0c0.c.txt	ok
18003a1b0	FUN_18003a1b0	function_18003a1b0.c.txt	ok
18003a200	FUN_18003a200	function_18003a200.c.txt	ok
18003a2f0	FUN_18003a2f0	function_18003a2f0.c.txt	ok
18003a370	FUN_18003a370	function_18003a370.c.txt	ok
18003a4a0	FUN_18003a4a0	function_18003a4a0.c.txt	ok
18003a4c0	FUN_18003a4c0	function_18003a4c0.c.txt	ok
18003a4e0	FUN_18003a4e0	function_18003a4e0.c.txt	ok
18003a520	FUN_18003a520	function_18003a520.c.txt	ok
18003a540	FUN_18003a540	function_18003a540.c.txt	ok
18003a560	FUN_18003a560	function_18003a560.c.txt	ok
18003a690	FUN_18003a690	function_18003a690.c.txt	ok
18003a700	FUN_18003a700	function_18003a700.c.txt	ok
18003a840	FUN_18003a840	function_18003a840.c.txt	ok
18003a870	FUN_18003a870	function_18003a870.c.txt	ok
18003a8a0	FUN_18003a8a0	function_18003a8a0.c.txt	ok
18003aad0	FUN_18003aad0	function_18003aad0.c.txt	ok
18003ab00	FUN_18003ab00	function_18003ab00.c.txt	ok
18003ab30	FUN_18003ab30	function_18003ab30.c.txt	ok
18003aba0	FUN_18003aba0	function_18003aba0.c.txt	ok
18003abe0	FUN_18003abe0	function_18003abe0.c.txt	ok
18003ac50	FUN_18003ac50	function_18003ac50.c.txt	ok
18003ac90	FUN_18003ac90	function_18003ac90.c.txt	ok
18003acd0	FUN_18003acd0	function_18003acd0.c.txt	ok
18003ad40	FUN_18003ad40	function_18003ad40.c.txt	ok
18003ad70	FUN_18003ad70	function_18003ad70.c.txt	ok
18003ae10	FUN_18003ae10	function_18003ae10.c.txt	ok
18003ae40	FUN_18003ae40	function_18003ae40.c.txt	ok
18003aea0	FUN_18003aea0	function_18003aea0.c.txt	ok
18003aec0	FUN_18003aec0	function_18003aec0.c.txt	ok
18003aee0	FUN_18003aee0	function_18003aee0.c.txt	ok
18003aefa	FUN_18003aefa	function_18003aefa.c.txt	ok
18003af10	FUN_18003af10	function_18003af10.c.txt	ok
18003af50	FUN_18003af50	function_18003af50.c.txt	ok
18003afd0	FUN_18003afd0	function_18003afd0.c.txt	ok
18003b070	FUN_18003b070	function_18003b070.c.txt	ok
18003b0f0	FUN_18003b0f0	function_18003b0f0.c.txt	ok
18003b160	FUN_18003b160	function_18003b160.c.txt	ok
18003b1d0	FUN_18003b1d0	function_18003b1d0.c.txt	ok
